OBJECTID,facname,Public Area,Public Area (supergroup),boro,Latitude,Longitude
2,ST. LUKE'S PARK,GARDENS,PARKS AND PLAZAS,BRONX,40.80563735,-73.91538428
3,IRVING SQUARE PARK,PARKS,PARKS AND PLAZAS,BROOKLYN,40.6924428,-73.90918444
5,GRAVESEND LIBRARY,PUBLIC LIBRARIES,LIBRARIES,BROOKLYN,40.5906025,-73.9717539
6,JACKSON HEIGHTS,PUBLIC LIBRARIES,LIBRARIES,QUEENS,40.75020165,-73.88506857
7,SOUNDVIEW LIBRARY,PUBLIC LIBRARIES,LIBRARIES,BRONX,40.8187075,-73.86288913
9,AUBURNDALE,PUBLIC LIBRARIES,LIBRARIES,QUEENS,40.77375075,-73.79634885
15,BRADHURST AVE GARDEN,GARDENS,PARKS AND PLAZAS,MANHATTAN,40.82766577,-73.93932631
22,DEKALB LIBRARY,PUBLIC LIBRARIES,LIBRARIES,BROOKLYN,40.6947857,-73.9284044
32,PARK,"STREETSCAPES, PLAZAS, AND MALLS",PARKS AND PLAZAS,QUEENS,40.72875803,-73.87927298
35,POMONOK,PUBLIC LIBRARIES,LIBRARIES,QUEENS,40.73303298,-73.80987895
36,MIDWOOD LIBRARY,PUBLIC LIBRARIES,LIBRARIES,BROOKLYN,40.6248494,-73.9643882
41,UNITED COMMUNITY CENTERS YOUTH FARM,GARDENS,PARKS AND PLAZAS,BROOKLYN,40.65969661,-73.90787579
52,DAMROSCH PARK,PARKS,PARKS AND PLAZAS,MANHATTAN,40.77221286,-73.98499396
54,SEASIDE WILDLIFE NATURE PARK,PARKS,PARKS AND PLAZAS,STATEN ISLAND,40.54013313,-74.1417706
61,CORONA,PUBLIC LIBRARIES,LIBRARIES,QUEENS,40.75089038,-73.86198024
64,HORSESHOE PLAYGROUND,RECREATION AND WATERFRONT SITES,PARKS AND PLAZAS,BRONX,40.82412122,-73.89769157
65,BAYCHESTER LIBRARY,PUBLIC LIBRARIES,LIBRARIES,BRONX,40.87027777,-73.82861053
66,FARMERS GARDEN,GARDENS,PARKS AND PLAZAS,BROOKLYN,40.67460729,-73.91821912
72,CHELSEA PARK,RECREATION AND WATERFRONT SITES,PARKS AND PLAZAS,MANHATTAN,40.74994165,-74.00072826
73,CADMAN PLAZA PARK,PARKS,PARKS AND PLAZAS,BROOKLYN,40.69844344,-73.99062617
77,ESTELLA DIGGS PARK,PARKS,PARKS AND PLAZAS,BRONX,40.82893819,-73.90617737
81,MIDLAND MALLS,"STREETSCAPES, PLAZAS, AND MALLS",PARKS AND PLAZAS,QUEENS,40.71714593,-73.78411476
82,SOUTH JAMAICA,PUBLIC LIBRARIES,LIBRARIES,QUEENS,40.69563016,-73.79017747
86,METROPOLITAN TOWER,PRIVATELY OWNED PUBLIC SPACE,PARKS AND PLAZAS,MANHATTAN,40.76480065,-73.97923836
87,NORELLI-HARGREAVES PLAYGROUND,RECREATION AND WATERFRONT SITES,PARKS AND PLAZAS,QUEENS,40.69017934,-73.80873758
90,BEL CANTO,PRIVATELY OWNED PUBLIC SPACE,PARKS AND PLAZAS,MANHATTAN,40.77527793,-73.98263755
91,"733 PARK AVENUE, NEW YORK, NY 10021",PRIVATELY OWNED PUBLIC SPACE,PARKS AND PLAZAS,MANHATTAN,40.77008343,-73.96411788
98,STRIPPOLI SQUARE,"STREETSCAPES, PLAZAS, AND MALLS",PARKS AND PLAZAS,QUEENS,40.75718633,-73.90757266
103,MOSHOLU LIBRARY,PUBLIC LIBRARIES,LIBRARIES,BRONX,40.87438275,-73.87839365
104,AQUEDUCT WALK,PARKS,PARKS AND PLAZAS,BRONX,40.86512705,-73.90216177
107,CROTONA PARK,PARKS,PARKS AND PLAZAS,BRONX,40.8400331,-73.89534671
109,DUBOS POINT WILDLIFE SANCTUARY,PRESERVES AND CONSERVATION AREAS,PARKS AND PLAZAS,QUEENS,40.60078195,-73.79100052
110,WAKEFIELD LIBRARY,PUBLIC LIBRARIES,LIBRARIES,BRONX,40.89109762,-73.85952283
123,DE MATTI PARK,PARKS,PARKS AND PLAZAS,STATEN ISLAND,40.61453272,-74.07418481
137,NEW UTRECHT LIBRARY,PUBLIC LIBRARIES,LIBRARIES,BROOKLYN,40.6080187,-74.0033411
140,GARDEN,GARDENS,PARKS AND PLAZAS,QUEENS,40.59701637,-73.76857927
149,PARK,"STREETSCAPES, PLAZAS, AND MALLS",PARKS AND PLAZAS,BROOKLYN,40.68224923,-74.00263014
151,PETERS FIELD,PARKS,PARKS AND PLAZAS,QUEENS,40.70601481,-73.77483943
159,BRYAN PARK PLAZA,"STREETSCAPES, PLAZAS, AND MALLS",PARKS AND PLAZAS,BRONX,40.86217216,-73.89421776
179,GARDEN,GARDENS,PARKS AND PLAZAS,BRONX,40.82848998,-73.90625337
195,HERMON A. MACNEIL PARK,PARKS,PARKS AND PLAZAS,QUEENS,40.79305958,-73.85170668
196,BLEECKER PLAYGROUND,PARKS,PARKS AND PLAZAS,MANHATTAN,40.73635227,-74.00556527
202,HIGHLAWN LIBRARY,PUBLIC LIBRARIES,LIBRARIES,BROOKLYN,40.60568909,-73.98623034
203,CRYSTAL WELLS BLOCK ASSOCIATION,GARDENS,PARKS AND PLAZAS,BROOKLYN,40.67807463,-73.87539702
204,BENSONHURST PARK,RECREATION AND WATERFRONT SITES,PARKS AND PLAZAS,BROOKLYN,40.59651286,-74.00130225
205,PARK,"STREETSCAPES, PLAZAS, AND MALLS",PARKS AND PLAZAS,QUEENS,40.70765776,-73.85901226
206,CASTLE HILL PARK,PARKS,PARKS AND PLAZAS,BRONX,40.81190303,-73.84750276
218,PARK,UNDEVELOPED,PARKS AND PLAZAS,QUEENS,40.60082137,-73.82223777
224,FRANK PRINCIPE PARK,PARKS,PARKS AND PLAZAS,QUEENS,40.72746742,-73.90473914
229,GARDEN OF EDEN,GARDENS,PARKS AND PLAZAS,BRONX,40.84346358,-73.90739365
230,ROSEDALE,PUBLIC LIBRARIES,LIBRARIES,QUEENS,40.65996352,-73.73990711
234,ROCHDALE VILLAGE,PUBLIC LIBRARIES,LIBRARIES,QUEENS,40.67287599,-73.77058657
247,WOODSTOCK LIBRARY,PUBLIC LIBRARIES,LIBRARIES,BRONX,40.82064019,-73.9046281
248,MARCY LIBRARY,PUBLIC LIBRARIES,LIBRARIES,BROOKLYN,40.6916309,-73.9512645
252,GRANJA FARM OTF,GARDENS,PARKS AND PLAZAS,BRONX,40.81569714,-73.91151991
258,MARGRICHANTE GARDEN,GARDENS,PARKS AND PLAZAS,MANHATTAN,40.81375189,-73.94344304
262,PARK,"STREETSCAPES, PLAZAS, AND MALLS",PARKS AND PLAZAS,BRONX,40.8850833,-73.89734771
264,CORTELYOU LIBRARY,PUBLIC LIBRARIES,LIBRARIES,BROOKLYN,40.64058562,-73.96597548
269,EAST PROMENADE,PARKS,PARKS AND PLAZAS,MANHATTAN,40.765531,-73.945446
270,JAMAICA BAY LIBRARY,PUBLIC LIBRARIES,LIBRARIES,BROOKLYN,40.63452505,-73.88924763
275,WOODHAVEN,PUBLIC LIBRARIES,LIBRARIES,QUEENS,40.69454527,-73.86144041
276,PARK,UNDEVELOPED,PARKS AND PLAZAS,QUEENS,40.59249194,-73.75941774
279,COLONELS ROW,PARKS,PARKS AND PLAZAS,MANHATTAN,40.690715,-74.018823
283,BOROUGH PARK LIBRARY,PUBLIC LIBRARIES,LIBRARIES,BROOKLYN,40.6388562,-73.9890175
290,HARMONY TRIANGLE,"STREETSCAPES, PLAZAS, AND MALLS",PARKS AND PLAZAS,BROOKLYN,40.70327088,-73.95039703
300,CARROLL GARDENS LIBRARY,PUBLIC LIBRARIES,LIBRARIES,BROOKLYN,40.68321273,-73.99801786
302,KINGS HIGHWAY LIBRARY,PUBLIC LIBRARIES,LIBRARIES,BROOKLYN,40.6102518,-73.95311102
303,SEABURY PLAYGROUND,RECREATION AND WATERFRONT SITES,PARKS AND PLAZAS,BRONX,40.83648824,-73.8878706
305,PLANEVIEW PARK,"STREETSCAPES, PLAZAS, AND MALLS",PARKS AND PLAZAS,QUEENS,40.76732683,-73.88439153
306,MAPLE GROVE PARK,"STREETSCAPES, PLAZAS, AND MALLS",PARKS AND PLAZAS,QUEENS,40.71194941,-73.82416643
308,HOWARD AV BLOCK ASSOCIATION,GARDENS,PARKS AND PLAZAS,BROOKLYN,40.66358587,-73.91933851
309,CITY ISLAND LIBRARY,PUBLIC LIBRARIES,LIBRARIES,BRONX,40.84775083,-73.78640826
324,LEFFERTS,PUBLIC LIBRARIES,LIBRARIES,QUEENS,40.68690143,-73.8248392
338,ARVERNE,PUBLIC LIBRARIES,LIBRARIES,QUEENS,40.59314455,-73.78403978
339,GREGORY'S GARDEN,GARDENS,PARKS AND PLAZAS,BROOKLYN,40.67266098,-73.88593561
359,MELROSE LIBRARY,PUBLIC LIBRARIES,LIBRARIES,BRONX,40.82658624,-73.91758012
370,PLAYGROUND 286,RECREATION AND WATERFRONT SITES,PARKS AND PLAZAS,BROOKLYN,40.59128294,-73.93876379
378,PATRICIA A. BRACKLEY PARK,"STREETSCAPES, PLAZAS, AND MALLS",PARKS AND PLAZAS,QUEENS,40.58139737,-73.84577716
393,DE HOSTOS PLAYGROUND,RECREATION AND WATERFRONT SITES,PARKS AND PLAZAS,BROOKLYN,40.70321262,-73.94849904
394,PECK SLIP,"STREETSCAPES, PLAZAS, AND MALLS",PARKS AND PLAZAS,MANHATTAN,40.70757117,-74.00138844
399,JEFFERSON MARKET LIBRARY,PUBLIC LIBRARIES,LIBRARIES,MANHATTAN,40.73460467,-73.9991669
435,P.O. REINALDO SALGADO PLAYGROUND,PARKS,PARKS AND PLAZAS,BROOKLYN,40.68790248,-73.92546141
441,PULASKI PLAYGROUND,RECREATION AND WATERFRONT SITES,PARKS AND PLAZAS,BROOKLYN,40.69375949,-73.94073651
442,NORTH FOREST PARK,PUBLIC LIBRARIES,LIBRARIES,QUEENS,40.71118636,-73.85367191
446,FERRIS FAMILY BURIAL PLOT,CEMETERIES,PARKS AND PLAZAS,BRONX,40.83884927,-73.84220304
448,BROOKLYN ACADEMY OF MUSIC,RECREATION AND WATERFRONT SITES,PARKS AND PLAZAS,BROOKLYN,40.68646555,-73.97769775
467,GRAND CENTRAL LIBRARY,PUBLIC LIBRARIES,LIBRARIES,MANHATTAN,40.754072,-73.97349847
471,MACOMB'S BRIDGE LIBRARY,PUBLIC LIBRARIES,LIBRARIES,MANHATTAN,40.82536667,-73.93551246
476,(CLOSED) LEONARD LIBRARY,PUBLIC LIBRARIES,LIBRARIES,BROOKLYN,40.71353775,-73.94774443
479,AESOP PARK,RECREATION AND WATERFRONT SITES,PARKS AND PLAZAS,STATEN ISLAND,40.51039165,-74.23040501
481,AVENUE R MALL,"STREETSCAPES, PLAZAS, AND MALLS",PARKS AND PLAZAS,BROOKLYN,40.60515084,-73.96362086
509,MCDONALD PLAYGROUND,PARKS,PARKS AND PLAZAS,BROOKLYN,40.60114856,-73.97216858
528,100 QUINCY STREET COMMUNITY GARDEN,GARDENS,PARKS AND PLAZAS,BROOKLYN,40.68596687,-73.95723637
532,HINES PARK,RECREATION AND WATERFRONT SITES,PARKS AND PLAZAS,BRONX,40.82860205,-73.90565538
554,WEST HARLEM PIERS,RECREATION AND WATERFRONT SITES,PARKS AND PLAZAS,MANHATTAN,40.81970348,-73.96065973
563,DODGER PLAYGROUND,RECREATION AND WATERFRONT SITES,PARKS AND PLAZAS,BROOKLYN,40.6648712,-73.95236266
578,PARK,"STREETSCAPES, PLAZAS, AND MALLS",PARKS AND PLAZAS,BROOKLYN,40.66581659,-73.99401539
584,SOUTH BEACH LIBRARY,PUBLIC LIBRARIES,LIBRARIES,STATEN ISLAND,40.59580191,-74.06302664
603,STAVROS NIARCHOS FOUNDATION LIBRARY (SNFL),PUBLIC LIBRARIES,LIBRARIES,MANHATTAN,40.75177795,-73.98152665
607,DONNELLAN SQUARE,"STREETSCAPES, PLAZAS, AND MALLS",PARKS AND PLAZAS,MANHATTAN,40.82707785,-73.94270307
609,EASTERN PARKWAY LIBRARY,PUBLIC LIBRARIES,LIBRARIES,BROOKLYN,40.66878053,-73.93382659
612,MACDONALD PARK,PARKS,PARKS AND PLAZAS,QUEENS,40.72223725,-73.84680327
618,LOCUST MANOR CIVIC ASSOCIATION,GARDENS,PARKS AND PLAZAS,QUEENS,40.68352142,-73.77389666
623,VETERANS GROVE,RECREATION AND WATERFRONT SITES,PARKS AND PLAZAS,QUEENS,40.74264971,-73.87757835
633,CICCARONE PARK,"STREETSCAPES, PLAZAS, AND MALLS",PARKS AND PLAZAS,BRONX,40.85596619,-73.88670438
635,LANETT PLAYGROUND,RECREATION AND WATERFRONT SITES,PARKS AND PLAZAS,QUEENS,40.59970962,-73.7440891
636,SITTING AREA,"STREETSCAPES, PLAZAS, AND MALLS",PARKS AND PLAZAS,BROOKLYN,40.65267739,-73.97684249
638,BEACH CHANNEL PARK,RECREATION AND WATERFRONT SITES,PARKS AND PLAZAS,QUEENS,40.58207245,-73.84255738
673,MW UNITED ORIENT GRAND LODGE,GARDENS,PARKS AND PLAZAS,BROOKLYN,40.67376586,-73.8873545
677,WALT WHITMAN LIBRARY,PUBLIC LIBRARIES,LIBRARIES,BROOKLYN,40.69448588,-73.97773572
678,PETER CHAHALES PARK,"STREETSCAPES, PLAZAS, AND MALLS",PARKS AND PLAZAS,QUEENS,40.7248572,-73.89434937
685,DONGAN HILLS LIBRARY,PUBLIC LIBRARIES,LIBRARIES,STATEN ISLAND,40.59039493,-74.10113836
690,UNITED COMMUNITY CENTERS - E NEW YORK F*,GARDENS,PARKS AND PLAZAS,BROOKLYN,40.66118998,-73.8957631
691,PARK,"STREETSCAPES, PLAZAS, AND MALLS",PARKS AND PLAZAS,BROOKLYN,40.62216259,-74.02039942
698,THE FEEDING TREE,GARDENS,PARKS AND PLAZAS,BROOKLYN,40.68596692,-73.94471082
712,ROCK GARDEN PARK,PARKS,PARKS AND PLAZAS,BRONX,40.83528197,-73.88511447
718,PARK OF THE AMERICAS,PARKS,PARKS AND PLAZAS,QUEENS,40.74894585,-73.86177742
727,SEDGWICK LIBRARY,PUBLIC LIBRARIES,LIBRARIES,BRONX,40.84949397,-73.91758144
731,RED GATE GARDEN,GARDENS,PARKS AND PLAZAS,BROOKLYN,40.69374881,-73.94918814
736,AMERICAN TRIANGLE,"STREETSCAPES, PLAZAS, AND MALLS",PARKS AND PLAZAS,QUEENS,40.7484191,-73.86336143
738,CAUSA FESTIVAL GARDEN,GARDENS,PARKS AND PLAZAS,BROOKLYN,40.66844518,-73.88937091
739,RUFUS KING PARK,PARKS,PARKS AND PLAZAS,QUEENS,40.70308326,-73.80376407
744,HUMBOLDT PLAZA,"STREETSCAPES, PLAZAS, AND MALLS",PARKS AND PLAZAS,BROOKLYN,40.70356518,-73.94091019
749,PARK,"STREETSCAPES, PLAZAS, AND MALLS",PARKS AND PLAZAS,BROOKLYN,40.62090007,-74.02285558
757,ASTORIA,PUBLIC LIBRARIES,LIBRARIES,QUEENS,40.77238055,-73.92872249
762,YORKVILLE LIBRARY,PUBLIC LIBRARIES,LIBRARIES,MANHATTAN,40.7736055,-73.95640656
766,KNICKERBOCKER PLAZA,"STREETSCAPES, PLAZAS, AND MALLS",PARKS AND PLAZAS,BROOKLYN,40.69889142,-73.91870018
768,CATHOLIC WAR VETERANS SQUARE,"STREETSCAPES, PLAZAS, AND MALLS",PARKS AND PLAZAS,QUEENS,40.6758564,-73.81620295
776,HIGHLAND PARK,PARKS,PARKS AND PLAZAS,BROOKLYN,40.68285326,-73.88782943
778,PARKSIDE PLAYGROUND,RECREATION AND WATERFRONT SITES,PARKS AND PLAZAS,BRONX,40.86838375,-73.86802899
779,CLASSON TRIANGLE,"STREETSCAPES, PLAZAS, AND MALLS",PARKS AND PLAZAS,BROOKLYN,40.69922102,-73.96108141
782,GEORGE WASHINGTON CARVER BOTANICAL GARDEN,GARDENS,PARKS AND PLAZAS,QUEENS,40.69247831,-73.7945776
801,PLAUT TRIANGLE,"STREETSCAPES, PLAZAS, AND MALLS",PARKS AND PLAZAS,QUEENS,40.75837358,-73.79725536
802,MAPES POOL,RECREATION AND WATERFRONT SITES,PARKS AND PLAZAS,BRONX,40.84592107,-73.88672561
806,OCTAGON PARK,PARKS,PARKS AND PLAZAS,MANHATTAN,40.768097,-73.945696
807,SAUL WEPRIN PLAYGROUND,RECREATION AND WATERFRONT SITES,PARKS AND PLAZAS,QUEENS,40.747712,-73.77624799
812,JUNIPER VALLEY PARK,PARKS,PARKS AND PLAZAS,QUEENS,40.72018377,-73.88042525
821,NEW VISION GARDEN,GARDENS,PARKS AND PLAZAS,BROOKLYN,40.66609171,-73.88707832
830,OZONE PARK,PUBLIC LIBRARIES,LIBRARIES,QUEENS,40.68085831,-73.8464866
867,TRAMWAY PLAZA,"STREETSCAPES, PLAZAS, AND MALLS",PARKS AND PLAZAS,MANHATTAN,40.76102561,-73.96436296
869,LOUIS PASTEUR PARK,RECREATION AND WATERFRONT SITES,PARKS AND PLAZAS,QUEENS,40.76249326,-73.7344427
883,SERGEANT JOHNSON TRIANGLE,"STREETSCAPES, PLAZAS, AND MALLS",PARKS AND PLAZAS,BRONX,40.85793422,-73.8812774
888,POPPENHUSEN,PUBLIC LIBRARIES,LIBRARIES,QUEENS,40.78624766,-73.84600899
894,LIOTTI IKEFUGI PLAYGROUND,PARKS,PARKS AND PLAZAS,STATEN ISLAND,40.63874795,-74.0838988
898,BOBBIE LEWIS JR. PLAYGROUND,PARKS,PARKS AND PLAZAS,STATEN ISLAND,40.6365637,-74.16047118
912,ISLE OF MEADOWS,PRESERVES AND CONSERVATION AREAS,PARKS AND PLAZAS,STATEN ISLAND,40.57626674,-74.20338144
918,CHRISTOPHER J. IGNERI PLAYGROUND,PARKS,PARKS AND PLAZAS,STATEN ISLAND,40.60869014,-74.11957807
919,RICHMOND TERRACE CEMETERY,CEMETERIES,PARKS AND PLAZAS,STATEN ISLAND,40.63929738,-74.12093436
924,RIVERSIDE LIBRARY,PUBLIC LIBRARIES,LIBRARIES,MANHATTAN,40.77419594,-73.9842286
927,PARK SLOPE LIBRARY,PUBLIC LIBRARIES,LIBRARIES,BROOKLYN,40.66821397,-73.9834246
928,LANGSTON HUGHES,PUBLIC LIBRARIES,LIBRARIES,QUEENS,40.75763166,-73.86813821
937,PLAZA LAFAYETTE,"STREETSCAPES, PLAZAS, AND MALLS",PARKS AND PLAZAS,MANHATTAN,40.85155082,-73.94159831
948,TALL OAK PLAYGROUND,RECREATION AND WATERFRONT SITES,PARKS AND PLAZAS,QUEENS,40.74534926,-73.75789005
961,BENNINGER PLAYGROUND,RECREATION AND WATERFRONT SITES,PARKS AND PLAZAS,QUEENS,40.70705652,-73.89828208
964,THOMAS PAINE PARK,"STREETSCAPES, PLAZAS, AND MALLS",PARKS AND PLAZAS,MANHATTAN,40.71477457,-74.00260506
981,GRAHAM TRIANGLE,"STREETSCAPES, PLAZAS, AND MALLS",PARKS AND PLAZAS,BRONX,40.81068379,-73.92749907
991,STEPHEN A. SCHWARZMAN BUILDING,PUBLIC LIBRARIES,LIBRARIES,MANHATTAN,40.7534887,-73.9808774
1014,EL GALLO GARDEN,GARDENS,PARKS AND PLAZAS,MANHATTAN,40.79975289,-73.94050867
1031,DIVERSITY EDIBLE FARM,GARDENS,PARKS AND PLAZAS,MANHATTAN,40.79677233,-73.94605732
1045,MINETTA TRIANGLE,"STREETSCAPES, PLAZAS, AND MALLS",PARKS AND PLAZAS,MANHATTAN,40.72986758,-74.0018363
1047,PARK,"STREETSCAPES, PLAZAS, AND MALLS",PARKS AND PLAZAS,MANHATTAN,40.79699401,-73.92949908
1048,HENRY HUDSON PARK,PARKS,PARKS AND PLAZAS,BRONX,40.88132945,-73.91996278
1058,GREEN OASIS AND GILBERT'S GARDEN,GARDENS,PARKS AND PLAZAS,MANHATTAN,40.72399836,-73.97734549
1062,CENTER FOR BROOKLYN HISTORY,PUBLIC LIBRARIES,LIBRARIES,BROOKLYN,40.69479137,-73.99241182
1070,HUMAN COMPASS GARDEN,GARDENS,PARKS AND PLAZAS,BROOKLYN,40.68489959,-74.00250016
1078,ADAM YAUCH PARK,RECREATION AND WATERFRONT SITES,PARKS AND PLAZAS,BROOKLYN,40.69234057,-73.99923554
1088,FIREMEN'S MEMORIAL GARDEN,GARDENS,PARKS AND PLAZAS,MANHATTAN,40.7242604,-73.97796795
1092,BAY TERRACE,PUBLIC LIBRARIES,LIBRARIES,QUEENS,40.78252771,-73.77701333
1096,LAGUARDIA LANDING LIGHTS,UNDEVELOPED,PARKS AND PLAZAS,QUEENS,40.76545112,-73.88756485
1101,ALLIED PRODUCTIONS/LE PETIT VERSAILLES,GARDENS,PARKS AND PLAZAS,MANHATTAN,40.72113499,-73.98179009
1118,POWELL'S COVE PARK,PRESERVES AND CONSERVATION AREAS,PARKS AND PLAZAS,QUEENS,40.79005747,-73.83502763
1121,FIDELITY TRIANGLE,"STREETSCAPES, PLAZAS, AND MALLS",PARKS AND PLAZAS,BROOKLYN,40.72186473,-73.94185749
1123,TREMONT LIBRARY,PUBLIC LIBRARIES,LIBRARIES,BRONX,40.84604455,-73.89834633
1128,GARDEN,GARDENS,PARKS AND PLAZAS,STATEN ISLAND,40.52690108,-74.16361518
1131,EVERGREEN PLAYGROUND,RECREATION AND WATERFRONT SITES,PARKS AND PLAZAS,BROOKLYN,40.68665035,-73.91021437
1133,IDA COURT,RECREATION AND WATERFRONT SITES,PARKS AND PLAZAS,STATEN ISLAND,40.53839631,-74.18713697
1137,GILBERT RAMIREZ PARK,PARKS,PARKS AND PLAZAS,BROOKLYN,40.70584654,-73.93462371
1150,HUNTS POINT LIBRARY,PUBLIC LIBRARIES,LIBRARIES,BRONX,40.81868569,-73.89413697
1158,BAYSIDE PLAYGROUND,RECREATION AND WATERFRONT SITES,PARKS AND PLAZAS,QUEENS,40.5848608,-73.82514356
1163,NAKKS MALLS,"STREETSCAPES, PLAZAS, AND MALLS",PARKS AND PLAZAS,QUEENS,40.70829553,-73.74234764
1164,THOMAS J. CUITE PARK,RECREATION AND WATERFRONT SITES,PARKS AND PLAZAS,BROOKLYN,40.65423605,-73.97865638
1165,FEATHERBED TRIANGLE,"STREETSCAPES, PLAZAS, AND MALLS",PARKS AND PLAZAS,BRONX,40.84642324,-73.92087843
1174,HORACE HARDING PLAYGROUND,RECREATION AND WATERFRONT SITES,PARKS AND PLAZAS,QUEENS,40.73316797,-73.86032812
1187,THOMAS GREENE PLAYGROUND,PARKS,PARKS AND PLAZAS,BROOKLYN,40.68031719,-73.98535192
1189,DUNBAR PLAYGROUND,RECREATION AND WATERFRONT SITES,PARKS AND PLAZAS,BRONX,40.82301247,-73.90644327
1199,"HIAS, INC.",ACADEMIC AND SPECIAL LIBRARIES,LIBRARIES,MANHATTAN,40.74741384,-73.99282407
1202,WESTWOOD PARK,PRESERVES AND CONSERVATION AREAS,PARKS AND PLAZAS,STATEN ISLAND,40.60641151,-74.14186022
1206,CAPTAIN TILLY PARK,PARKS,PARKS AND PLAZAS,QUEENS,40.71142886,-73.79823996
1215,DEROSA O'BOYLE TRIANGLE,"STREETSCAPES, PLAZAS, AND MALLS",PARKS AND PLAZAS,BRONX,40.82255818,-73.81905879
1222,VICTORY GARDEN,GARDENS,PARKS AND PLAZAS,BROOKLYN,40.66657821,-73.88754596
1226,TRIBOROUGH BRIDGE PLAYGROUND C,RECREATION AND WATERFRONT SITES,PARKS AND PLAZAS,QUEENS,40.77397758,-73.92223877
1229,SUNNYSIDE,PUBLIC LIBRARIES,LIBRARIES,QUEENS,40.74080386,-73.92166951
1232,KIPS BAY LIBRARY,PUBLIC LIBRARIES,LIBRARIES,MANHATTAN,40.74382853,-73.97993403
1240,PULASKI PARK,RECREATION AND WATERFRONT SITES,PARKS AND PLAZAS,BRONX,40.80524231,-73.92456569
1241,VENDITTI SQUARE PLAZA,"STREETSCAPES, PLAZAS, AND MALLS",PARKS AND PLAZAS,QUEENS,40.69995088,-73.90941576
1245,HARLEM GROWN 127TH STREET LEARNING ANNEX,GARDENS,PARKS AND PLAZAS,MANHATTAN,40.80945721,-73.94604357
1250,BATH BEACH PARK,RECREATION AND WATERFRONT SITES,PARKS AND PLAZAS,BROOKLYN,40.60244652,-74.01110088
1255,BRIDGE PARK,RECREATION AND WATERFRONT SITES,PARKS AND PLAZAS,BROOKLYN,40.70076462,-73.98547019
1256,CORLEARS HOOK PARK,PARKS,PARKS AND PLAZAS,MANHATTAN,40.71173977,-73.97978755
1257,ST JOHN CANTIUS PARISH,GARDENS,PARKS AND PLAZAS,BROOKLYN,40.6674664,-73.89400971
1265,TRIANGLE THREE SIXTEEN,"STREETSCAPES, PLAZAS, AND MALLS",PARKS AND PLAZAS,BROOKLYN,40.6673271,-73.99503053
1276,REIFF PLAYGROUND,PARKS,PARKS AND PLAZAS,QUEENS,40.71884682,-73.90193519
1285,BANNEKER PLAYGROUND,RECREATION AND WATERFRONT SITES,PARKS AND PLAZAS,BROOKLYN,40.69068207,-73.9487922
1295,LT. LIA PLAYGROUND,RECREATION AND WATERFRONT SITES,PARKS AND PLAZAS,STATEN ISLAND,40.64356867,-74.07984294
1314,CLIFTON PL MEMORIAL PARK AND GARDEN,GARDENS,PARKS AND PLAZAS,BROOKLYN,40.68860194,-73.95464957
1321,AHEARN PARK,"STREETSCAPES, PLAZAS, AND MALLS",PARKS AND PLAZAS,MANHATTAN,40.71478207,-73.98351917
1322,NOLAN PARK,PARKS,PARKS AND PLAZAS,MANHATTAN,40.689823,-74.013991
1325,MIDDLEBURGH TRIANGLE,"STREETSCAPES, PLAZAS, AND MALLS",PARKS AND PLAZAS,QUEENS,40.74132213,-73.87505475
1329,FORT HILL PARK,PRESERVES AND CONSERVATION AREAS,PARKS AND PLAZAS,STATEN ISLAND,40.6410907,-74.08171819
1355,ULMER PARK LIBRARY,PUBLIC LIBRARIES,LIBRARIES,BROOKLYN,40.5926124,-73.9886502
1360,CHALLENGE PLAYGROUND,RECREATION AND WATERFRONT SITES,PARKS AND PLAZAS,QUEENS,40.75662296,-73.72796351
1362,GIVANS CREEK WOODS,PRESERVES AND CONSERVATION AREAS,PARKS AND PLAZAS,BRONX,40.88007439,-73.82984104
1364,FRANKLIN TRIANGLE,"STREETSCAPES, PLAZAS, AND MALLS",PARKS AND PLAZAS,BRONX,40.82712421,-73.90731247
1367,PALMER INLET,PRESERVES AND CONSERVATION AREAS,PARKS AND PLAZAS,BRONX,40.84366124,-73.81629912
1369,AGUILAR LIBRARY,PUBLIC LIBRARIES,LIBRARIES,MANHATTAN,40.79417964,-73.94346814
1372,MERRIAM PLAYGROUND,RECREATION AND WATERFRONT SITES,PARKS AND PLAZAS,BRONX,40.83963747,-73.92676861
1377,A BETTER COMMUNITY GARDEN,GARDENS,PARKS AND PLAZAS,BROOKLYN,40.67828823,-73.92830671
1381,FRESH MEADOWS PARK,"STREETSCAPES, PLAZAS, AND MALLS",PARKS AND PLAZAS,QUEENS,40.74071421,-73.78538032
1389,HUGUENOT PARK LIBRARY,PUBLIC LIBRARIES,LIBRARIES,STATEN ISLAND,40.53405756,-74.19323522
1392,STEUBEN PLAYGROUND,PARKS,PARKS AND PLAZAS,BROOKLYN,40.69744492,-73.96345808
1395,FOREST MALL,"STREETSCAPES, PLAZAS, AND MALLS",PARKS AND PLAZAS,STATEN ISLAND,40.63095171,-74.09126516
1396,SHERIDAN TRIANGLE,"STREETSCAPES, PLAZAS, AND MALLS",PARKS AND PLAZAS,BRONX,40.90490381,-73.89668332
1399,SCHOMBURG CENTER FOR RESEARCH IN BLACK CULTURE,PUBLIC LIBRARIES,LIBRARIES,MANHATTAN,40.8144,-73.941
1408,TOTTENVILLE LIBRARY,PUBLIC LIBRARIES,LIBRARIES,STATEN ISLAND,40.50953037,-74.24410519
1411,PLAYGROUND ONE THIRTY FOUR CXXXIV,PARKS,PARKS AND PLAZAS,BRONX,40.8031928,-73.91755799
1421,TRAVIS TRIANGLE,"STREETSCAPES, PLAZAS, AND MALLS",PARKS AND PLAZAS,QUEENS,40.7668345,-73.81309867
1427,LA FINCA DEL SUR COMMUNITY GARDEN,GARDENS,PARKS AND PLAZAS,BRONX,40.81267225,-73.93018247
1431,96TH STREET LIBRARY,PUBLIC LIBRARIES,LIBRARIES,MANHATTAN,40.78595766,-73.95180829
1433,BRIGHTON BEACH LIBRARY,PUBLIC LIBRARIES,LIBRARIES,BROOKLYN,40.57616657,-73.96674493
1435,GARDEN PARTY,GARDENS,PARKS AND PLAZAS,BROOKLYN,40.67417171,-73.88718752
1436,HERMAN DOLGON PLAYGROUND,PARKS,PARKS AND PLAZAS,BROOKLYN,40.59627052,-73.94042663
1440,FARM PLAYGROUND,RECREATION AND WATERFRONT SITES,PARKS AND PLAZAS,QUEENS,40.73654267,-73.77789408
1448,TODT HILL WOODS,PRESERVES AND CONSERVATION AREAS,PARKS AND PLAZAS,STATEN ISLAND,40.59666529,-74.11986246
1455,DEVOE PARK,PARKS,PARKS AND PLAZAS,BRONX,40.86367712,-73.90491772
1461,DIAS Y FLORES,GARDENS,PARKS AND PLAZAS,MANHATTAN,40.72908871,-73.97993817
1462,ANDREW HASWELL GREEN PARK,PARKS,PARKS AND PLAZAS,MANHATTAN,40.7595071,-73.95762528
1476,EAST END COMMUNITY GARDEN,GARDENS,PARKS AND PLAZAS,BROOKLYN,40.67370635,-73.89075127
1478,WOODSIDE HOUSES PLAYGROUND,RECREATION AND WATERFRONT SITES,PARKS AND PLAZAS,QUEENS,40.7557708,-73.91159716
1479,UNITED COMMUNITY CENTER,GARDENS,PARKS AND PLAZAS,BROOKLYN,40.6652715,-73.88683046
1486,ST NICHOLAS-POWERS ST GARDEN,GARDENS,PARKS AND PLAZAS,BROOKLYN,40.71273655,-73.93971528
1488,CLARA'S GARDEN,GARDENS,PARKS AND PLAZAS,BROOKLYN,40.6744034,-73.88902626
1494,FATHER FAGAN PARK,"STREETSCAPES, PLAZAS, AND MALLS",PARKS AND PLAZAS,MANHATTAN,40.72667305,-74.0033602
1498,THROG'S NECK LIBRARY,PUBLIC LIBRARIES,LIBRARIES,BRONX,40.82289954,-73.81908893
1507,ANCHORAGE PLAZA,"STREETSCAPES, PLAZAS, AND MALLS",PARKS AND PLAZAS,BROOKLYN,40.70153541,-73.9910454
1509,SHORT TRIANGLE,"STREETSCAPES, PLAZAS, AND MALLS",PARKS AND PLAZAS,QUEENS,40.74608575,-73.9454001
1511,BELLEROSE,PUBLIC LIBRARIES,LIBRARIES,QUEENS,40.73515845,-73.71709652
1516,CARLOS R. LILLO PARK,"STREETSCAPES, PLAZAS, AND MALLS",PARKS AND PLAZAS,QUEENS,40.77063344,-73.89358787
1535,BROWER PARK,PARKS,PARKS AND PLAZAS,BROOKLYN,40.67382848,-73.94383476
1553,POWELL PLAYGROUND,RECREATION AND WATERFRONT SITES,PARKS AND PLAZAS,BROOKLYN,40.67126735,-73.90484269
1568,FRANKLIN D ROOSEVELT FOUR FREEDOMS PARK,PARKS,PARKS AND PLAZAS,MANHATTAN,40.76233,-73.949536
1574,KINGDOM POND PARK,PRESERVES AND CONSERVATION AREAS,PARKS AND PLAZAS,STATEN ISLAND,40.52543495,-74.18494128
1577,SPRING CREEK LIBRARY,PUBLIC LIBRARIES,LIBRARIES,BROOKLYN,40.65326482,-73.885907
1585,LAURELTON PARKWAY,"STREETSCAPES, PLAZAS, AND MALLS",PARKS AND PLAZAS,QUEENS,40.67740174,-73.73175709
1586,EASTCHESTER PLAYGROUND,RECREATION AND WATERFRONT SITES,PARKS AND PLAZAS,BRONX,40.86976734,-73.85269956
1588,FISH PLAYGROUND,RECREATION AND WATERFRONT SITES,PARKS AND PLAZAS,BROOKLYN,40.67806985,-73.91536699
1608,PLIMPTON PLAYGROUND,RECREATION AND WATERFRONT SITES,PARKS AND PLAZAS,BRONX,40.843948,-73.92239132
1612,SEELEY PARK,"STREETSCAPES, PLAZAS, AND MALLS",PARKS AND PLAZAS,BROOKLYN,40.65338243,-73.97783981
1614,PLAYGROUND OF THE AMERICAS,RECREATION AND WATERFRONT SITES,PARKS AND PLAZAS,MANHATTAN,40.72800274,-74.00271469
1616,ANDRIES PLAYGROUND,RECREATION AND WATERFRONT SITES,PARKS AND PLAZAS,BROOKLYN,40.62283326,-73.94645526
1618,PATRICK VAN DOREN POCKET PARK,GARDENS,PARKS AND PLAZAS,BROOKLYN,40.68944594,-73.9300716
1619,JOHN V. LINDSAY EAST RIVER PARK,PARKS,PARKS AND PLAZAS,MANHATTAN,40.71698789,-73.97532681
1620,BRADYS POND PARK,PRESERVES AND CONSERVATION AREAS,PARKS AND PLAZAS,STATEN ISLAND,40.60497656,-74.0790186
1624,BEACH 20TH ST PLAZA,"STREETSCAPES, PLAZAS, AND MALLS",PARKS AND PLAZAS,QUEENS,40.60327507,-73.75350154
1627,CLEARVIEW'S TAIL,"STREETSCAPES, PLAZAS, AND MALLS",PARKS AND PLAZAS,QUEENS,40.724589,-73.75546661
1630,GREAT KILLS VETERANS PLAYGROUND,RECREATION AND WATERFRONT SITES,PARKS AND PLAZAS,STATEN ISLAND,40.54703087,-74.15179769
1638,BELL TOWER PARK,"STREETSCAPES, PLAZAS, AND MALLS",PARKS AND PLAZAS,BRONX,40.88925676,-73.90839548
1642,BLOOD ROOT VALLEY,PRESERVES AND CONSERVATION AREAS,PARKS AND PLAZAS,STATEN ISLAND,40.5911601,-74.13105937
1670,CROWLEY PLAYGROUND,PARKS,PARKS AND PLAZAS,QUEENS,40.72956158,-73.87961117
1678,VERNON CASES COMMUNITY GARDEN,GARDENS,PARKS AND PLAZAS,BROOKLYN,40.69424968,-73.95039853
1726,PARK,"STREETSCAPES, PLAZAS, AND MALLS",PARKS AND PLAZAS,BROOKLYN,40.70115972,-73.98758828
1755,MICHEL TRIANGLE,"STREETSCAPES, PLAZAS, AND MALLS",PARKS AND PLAZAS,BRONX,40.83889655,-73.90602622
1778,CEDAR GROVE PLAYGROUND,RECREATION AND WATERFRONT SITES,PARKS AND PLAZAS,QUEENS,40.73616118,-73.82447014
1793,BATTERY PARK CITY LIBRARY,PUBLIC LIBRARIES,LIBRARIES,MANHATTAN,40.71562965,-74.01613054
1795,BROOKLYN HEIGHTS PROMENADE,"STREETSCAPES, PLAZAS, AND MALLS",PARKS AND PLAZAS,BROOKLYN,40.69552472,-73.99814742
1800,RAILROAD PARK,PARKS,PARKS AND PLAZAS,BRONX,40.82513039,-73.91537715
1805,POLICE OFFICER NICHOLAS DEMUTIIS PARK,PARKS,PARKS AND PLAZAS,QUEENS,40.681773,-73.83928308
1816,THE GENERAL SOCIETY LIBRARY,ACADEMIC AND SPECIAL LIBRARIES,LIBRARIES,MANHATTAN,40.75512023,-73.9813461
1846,PARK,"STREETSCAPES, PLAZAS, AND MALLS",PARKS AND PLAZAS,BROOKLYN,40.64027872,-73.99450761
1856,STONE AVENUE LIBRARY,PUBLIC LIBRARIES,LIBRARIES,BROOKLYN,40.66446487,-73.9052172
1901,CHAPPETTO SQUARE,RECREATION AND WATERFRONT SITES,PARKS AND PLAZAS,QUEENS,40.77501588,-73.92239116
1924,DEVANNEY TRIANGLE,"STREETSCAPES, PLAZAS, AND MALLS",PARKS AND PLAZAS,BRONX,40.85253237,-73.90452184
1925,HERALD SQUARE PLAZA,"STREETSCAPES, PLAZAS, AND MALLS",PARKS AND PLAZAS,MANHATTAN,40.75074464,-73.98771585
1946,SOUTH BATTERY,PARKS,PARKS AND PLAZAS,MANHATTAN,40.687603,-74.015516
1999,WASHINGTON HEIGHTS LIBRARY,PUBLIC LIBRARIES,LIBRARIES,MANHATTAN,40.8345206,-73.93966233
2005,HARRIS PARK,PARKS,PARKS AND PLAZAS,BRONX,40.87527534,-73.89269765
2009,ST. MARY'S PARK,PARKS,PARKS AND PLAZAS,BRONX,40.8114602,-73.91410834
2033,HAVEN AVENUE,"STREETSCAPES, PLAZAS, AND MALLS",PARKS AND PLAZAS,MANHATTAN,40.84833817,-73.94280102
2066,ZION TRIANGLE PLAZA,"STREETSCAPES, PLAZAS, AND MALLS",PARKS AND PLAZAS,BROOKLYN,40.66852131,-73.91948841
2068,JOYCE KILMER PARK,PARKS,PARKS AND PLAZAS,BRONX,40.82852587,-73.92266031
2071,LYONS SQUARE PLAYGROUND,RECREATION AND WATERFRONT SITES,PARKS AND PLAZAS,BRONX,40.82261995,-73.88833728
2079,PAERDEGAT PARK,PARKS,PARKS AND PLAZAS,BROOKLYN,40.63806143,-73.93813382
2090,HOOVER - MANTON PLAYGROUNDS,PARKS,PARKS AND PLAZAS,QUEENS,40.71147247,-73.82123045
2114,DOUGHBOY PARK,"STREETSCAPES, PLAZAS, AND MALLS",PARKS AND PLAZAS,QUEENS,40.7457492,-73.90922194
2115,LUNA PLAYGROUND,RECREATION AND WATERFRONT SITES,PARKS AND PLAZAS,BROOKLYN,40.57605708,-73.9788236
2123,OXPORT PLAYGROUND,RECREATION AND WATERFRONT SITES,PARKS AND PLAZAS,BROOKLYN,40.69675477,-73.97691509
2128,GLENWOOD LANDING,"STREETSCAPES, PLAZAS, AND MALLS",PARKS AND PLAZAS,QUEENS,40.77509454,-73.73997342
2134,SEWARD PARK LIBRARY,PUBLIC LIBRARIES,LIBRARIES,MANHATTAN,40.71445413,-73.98852804
2138,DANTE PARK,"STREETSCAPES, PLAZAS, AND MALLS",PARKS AND PLAZAS,MANHATTAN,40.77181129,-73.98254357
2171,PARK,"STREETSCAPES, PLAZAS, AND MALLS",PARKS AND PLAZAS,QUEENS,40.74204119,-73.89706121
2187,RAINEY PARK,PARKS,PARKS AND PLAZAS,QUEENS,40.76633429,-73.94082279
2206,BAYBRIDGE GREEN,"STREETSCAPES, PLAZAS, AND MALLS",PARKS AND PLAZAS,QUEENS,40.78505147,-73.7862046
2207,PRALL PLAYGROUND,RECREATION AND WATERFRONT SITES,PARKS AND PLAZAS,STATEN ISLAND,40.62827922,-74.11756786
2211,LAREDO AVENUE PARCEL,PRESERVES AND CONSERVATION AREAS,PARKS AND PLAZAS,STATEN ISLAND,40.54846167,-74.17394668
2212,SEASIDE PLAYGROUND,RECREATION AND WATERFRONT SITES,PARKS AND PLAZAS,QUEENS,40.58094916,-73.83137048
2215,WASHINGTON SQUARE PARK,PARKS,PARKS AND PLAZAS,MANHATTAN,40.73113254,-73.9956363
2216,ROLPH HENRY PLAYGROUND,RECREATION AND WATERFRONT SITES,PARKS AND PLAZAS,BROOKLYN,40.65567709,-73.94749369
2220,GEORGE EAGLE CARR COMMUNITY GARDEN,GARDENS,PARKS AND PLAZAS,QUEENS,40.70370925,-73.80705649
2224,QUISQUEYA PLAZA,"STREETSCAPES, PLAZAS, AND MALLS",PARKS AND PLAZAS,MANHATTAN,40.86588952,-73.92768744
2226,PARK,UNDEVELOPED,PARKS AND PLAZAS,BRONX,40.83829365,-73.91261711
2239,MENTONE PLAYGROUND,UNDEVELOPED,PARKS AND PLAZAS,QUEENS,40.66623094,-73.74288408
2244,TRINITY PARK,"STREETSCAPES, PLAZAS, AND MALLS",PARKS AND PLAZAS,BROOKLYN,40.6991588,-73.98422769
2258,MARIE CURIE PLAYGROUND,RECREATION AND WATERFRONT SITES,PARKS AND PLAZAS,QUEENS,40.75628257,-73.77233468
2294,EAST RIVER ESPLANADE,PARKS,PARKS AND PLAZAS,MANHATTAN,40.74587522,-73.96967831
2338,PARK,"STREETSCAPES, PLAZAS, AND MALLS",PARKS AND PLAZAS,BROOKLYN,40.65450931,-73.97815855
2352,FLUSHING,PUBLIC LIBRARIES,LIBRARIES,QUEENS,40.75778233,-73.82887651
2358,CORONA GOLF PLAYGROUND,PARKS,PARKS AND PLAZAS,QUEENS,40.74775034,-73.85403436
2368,CAMBRIA HEIGHTS,PUBLIC LIBRARIES,LIBRARIES,QUEENS,40.69573645,-73.7411352
2374,GARDENS OF UNION,GARDENS,PARKS AND PLAZAS,BROOKLYN,40.67691487,-73.98243934
2491,BAY RIDGE LIBRARY,PUBLIC LIBRARIES,LIBRARIES,BROOKLYN,40.6336068,-74.0295073
2504,WATER/WHITEHALL PLAZA,"STREETSCAPES, PLAZAS, AND MALLS",PARKS AND PLAZAS,MANHATTAN,40.70236068,-74.01356092
2506,CANARSIE LIBRARY,PUBLIC LIBRARIES,LIBRARIES,BROOKLYN,40.6422167,-73.8995607
